{
  "zonarios": {
    "Balancan": {
      "Antes": 169.1264379240029,
      "Durante": 324.0209606023415,
      "Despues": 115.87158897350815,
      "km": 3577.4

    },
    "EmilianoZapata": {
      "Antes": 84.17400244619981,
      "Durante": 142.25131260526345,
      "Despues": 54.52408095014218,
      "km": 510

    },
    "Tenosique": {
      "Antes": 78.30468873694426,
      "Durante": 154.7742898410616,
      "Despues": 68.61135586033672,
      "km": 2098.1


    },
    "Zona Rios": {
      "Antes": 331.4052444027176,
      "Durante": 620.7500787545691,
      "Despues": 238.80523313340905,
      "km": 6185.5

    }
  }
}
